{"espbox_Checked":true,"espbox_Color":4278190335,"espbox_keyBind":0,"esptype":0,"espfilled_Checked":false,"espdistance_Checked":true,"espdistance_Color":4294967295,"espdistance_keyBind":0,"espname_Checked":true,"espname_Color":4294967295,"espname_keyBind":0,"esphealth_Checked":true,"espsnap_Checked":true,"espsnap_Color":4278255431,"espsnap_keyBind":0,"healthcheck_Checked":true,"healthcondition":0,"aimbot_Checked":false,"aimbot_keyBind":0,"aimbotkey":0,"sorttype":0,"partaimbot":0,"aimbotsmooth":0.10000000149011612,"toggleaimbot_Checked":false,"predict_Checked":false,"predict_keyBind":0,"predictmathaimbot":0,"predictx":0.00009999999747378752,"predicty":0.00009999999747378752,"aimbotsticky_Checked":false,"shake_Checked":false,"shake_keyBind":0,"shakex":0.0,"shakey":0.0,"shakexx":0.0,"shakeyy":0.0,"fovcircle_Checked":true,"fovcircle_Color":4294902012,"fovcircle_keyBind":0,"fovfloat":644.951171875,"silentaim_Checked":true,"silentaim_keyBind":0,"noclip_Checked":false,"noclip_keyBind":0,"noclipspeed":0.0,"flight_Checked":false,"flight_keyBind":70,"flightspeed":0.7449511289596558,"modespeed":0,"teleport_Checked":false,"teleportkeybind":0,"teleportspin_Checked":false,"teleportrad":0.10000000149011612,"teleportspeed":0.10000000149011612}