{"espbox_Checked":true,"espbox_Color":4278190080,"espbox_keyBind":0,"esptype":0,"espfilled_Checked":true,"espdistance_Checked":true,"espdistance_Color":4278190080,"espdistance_keyBind":0,"espname_Checked":true,"espname_Color":4278190080,"espname_keyBind":0,"esphealth_Checked":false,"espsnap_Checked":false,"espsnap_Color":4278190080,"espsnap_keyBind":0,"limitdistance_Checked":false,"limitdistance_keyBind":0,"teamcheck_Checked":false,"npccheck_Checked":false,"healthcheck_Checked":false,"aimbot_Checked":true,"aimbot_keyBind":0,"aimbotkey":569,"methodaimbot":1,"sorttype":0,"partaimbot":1,"aimbotsmooth":0.5743322372436523,"toggleaimbot_Checked":false,"predict_Checked":true,"predict_keyBind":0,"easing_Checked":true,"aimbotsticky_Checked":true,"shake_Checked":false,"shake_keyBind":0,"fovcircle_Checked":false,"fovcircle_Color":4278190080,"fovcircle_keyBind":0,"fovfloat":300.0,"nosleep_Checked":true,"knockdh_Checked":false,"knifecheck_Checked":false,"silentaim_Checked":false,"silentaim_keyBind":0,"triggerbot_Checked":false,"triggerbot_keyBind":0,"noclip_Checked":false,"noclip_keyBind":0,"noclipspeed":0.0,"flight_Checked":false,"flight_keyBind":0,"flightspeed":0.0,"modespeed":0,"teleport_Checked":false,"predictmathaimbot":0,"predictx":20.0,"predicty":20.0,"fovsilent_Checked":false,"fovsilent_Color":4278255873,"fovsilent_keyBind":0,"fovsilentval":100.0,"predictsilent_Checked":false,"easingstyle":2,"easduration":0}