{"swapteam_Checked":true,"swapteam_keyBind":0,"swapteam_Checked":true,"swapteam_keyBind":0,"espbox_Checked":true,"espbox_Color":4280295561,"espbox_keyBind":0,"espdistance_Checked":false,"espdistance_Color":4278255873,"espdistance_keyBind":0,"espsnap_Checked":false,"espsnap_Color":4278255873,"espsnap_keyBind":0,"espweapon_Checked":false,"espweapon_Color":4278255873,"espweapon_keyBind":0,"limitdistance_Checked":false,"limitdistancevalue":0,"aimbot_Checked":true,"aimbot_keyBind":0,"aimbotkey":659,"partaimbot":1,"sorttype":0,"aimbotsmooth":0.6033550500869751,"predict_Checked":false,"predx":0.10000000149011612,"predy":0.0,"bulletvelocity":100.0,"toggle_Checked":false,"aimbotsticky_Checked":true,"marker_Checked":false,"fovcircle_Checked":false,"fovcircle_Color":4278255873,"fovcircle_keyBind":0,"fovfloat":250.0,"silentgun_Checked":true}