{
  "DFIntTaskSchedulerTargetFps": 5588562,
  "FFlagDebugSkyGray": true,
  "FFlagDebugDisplayFPS": false,
  "DFFlagDebugRenderForceTechnologyVoxel": true,
  "DFFlagDebugPauseVoxelizer": true,
  "FFlagNewLightAttenuation": true,
  "FIntRenderShadowIntensity": 0,
  "FFlagDisablePostFx": true,
  "DFFlagTextureQualityOverrideEnabled": true,
  "DFIntTextureQualityOverride": 0,
  "FIntRenderShadowmapBias": 0,
  "FFlagLuaAppSystemBar": false,
  "FIntFontSizePadding": 3,
  "FFlagAdServiceEnabled": false,
  "FIntScrollWheelDeltaAmount": 1,
  "FFlagDebugDisableTelemetryEphemeralCounter": true,
  "FFlagDebugDisableTelemetryEphemeralStat": true,
  "FFlagDebugDisableTelemetryEventIngest": true,
  "FFlagDebugDisableTelemetryPoint": true,
  "FFlagMSRefactor5": false,
  "FFlagDebugDisableTelemetryV2Counter": true,
  "FFlagDebugDisableTelemetryV2Event": true,
  "FFlagDebugDisableTelemetryV2Stat": true,
  "DFIntCSGLevelOfDetailSwitchingDistance": 1
}