{"espbox_Checked":true,"espbox_Color":4278190335,"espbox_keyBind":0,"esptype":0,"espsnap_Checked":true,"espsnap_Color":4278255374,"espsnap_keyBind":0,"espbone_Checked":true,"espbone_Color":4294967295,"espbone_keyBind":0,"espitem_Checked":true,"espitem_Color":4278190335,"espitem_keyBind":0,"limitdistance_Checked":false,"limitdistance_keyBind":0,"limitdistancevalue":10000,"aimbot_Checked":true,"aimbot_keyBind":0,"aimbotkey":656,"partaimbot":0,"aimbotsmooth":1.0,"aimbotsticky_Checked":false,"fovcircle_Checked":true,"fovcircle_Color":4292149503,"fovcircle_keyBind":0,"fovfloat":104.23452758789063}